Date,C,Total.unmarked,Unmarked,Marked,M,R,C.M
8/25/1958,53,53,0,0,,,
8/28/1958,59,58,11,0,53,1,3127
8/30/1958,12,12,0,0,100,0,1200
9/1/1958,76,76,7,0,112,0,8512
9/5/1958,46,46,2,0,181,0,8326
9/8/1958,102,98,4,0,225,4,22950
9/15/1958,89,82,3,0,319,7,28391
9/17/1958,94,85,1,0,398,9,37412
9/18/1958,84,79,2,0,482,5,40488
9/19/1958,116,98,2,0,559,18,64844
9/23/1958,135,112,5,0,655,23,88425
9/24/1965,459,459,0,0,,,
9/26/1965,554,529,0,0,459,25,254286
9/27/1965,248,227,0,0,988,21,245024
9/28/1965,340,299,0,0,1215,41,413100
10/6/1965,305,268,0,0,1514,37,461770
10/12/1965,99,77,0,0,1782,22,176418
9/12/1959,209,205,0,0,,,
9/13/1959,411,352,0,0,205,0,84255
9/16/1959,344,318,0,0,557,14,191608
9/18/1959,285,260,0,0,875,11,249375
9/25/1959,194,182,0,0,1135,10,220190
9/28/1959,108,104,0,0,1317,4,142236
10/21/1959,55,52,0,0,1421,3,78155
9/12/1961,19,19,0,0,,,
9/13/1961,31,31,0,0,19,0,589
9/14/1961,29,27,0,0,50,2,1450
9/18/1961,20,16,0,0,77,4,1540
9/21/1961,30,24,0,0,93,6,2790
9/25/1961,44,40,0,0,117,4,5148
9/26/1961,23,18,2,0,157,5,3611
9/29/1961,21,18,0,0,173,3,3633
9/8/1966,651,651,8,0,,,
9/9/1966,919,891,0,0,643,28,590917
9/11/1966,524,493,0,0,1534,31,803816
9/12/1966,449,407,10,0,2027,42,910123
9/23/1966,1509,1348,0,0,2424,161,3657816
10/6/1966,716,589,0,0,3772,127,2700752
9/13/1962,189,189,0,0,,,
9/14/1962,229,229,0,0,189,0,43281
10/2/1962,428,417,0,0,418,11,178904
10/9/1962,432,402,0,0,835,30,360720
10/16/1962,101,94,0,0,1237,7,124937
9/17/1963,165,165,0,0,,,
10/1/1963,507,498,0,0,165,9,83655
10/3/1963,596,574,0,0,663,22,395148
10/8/1963,582,527,0,0,1237,55,719934
10/9/1963,393,337,0,0,1764,56,693252
10/16/1963,765,642,0,0,2101,123,1607265
9/12/1968,47,47,3,0,,,
9/26/1968,102,102,0,0,44,0,4488
9/30/1968,89,84,0,0,146,5,12994
10/1/1968,87,83,0,0,230,4,20010
10/7/1968,395,381,15,0,313,14,123635
10/16/1968,253,238,0,0,679,15,171787
9/8/1964,1675,1675,32,0,,,
9/9/1964,880,847,13,0,1643,33,1445840
9/10/1964,1233,1150,23,0,2477,83,3054141
9/17/1964,1530,1337,32,0,3604,193,5514120
10/2/1964,1697,1429,0,0,4909,268,8330573
9/8/1969,294,294,0,0,,,
9/9/1969,301,297,23,0,294,4,88494
9/10/1969,646,610,0,0,568,36,366928
9/11/1969,557,526,0,0,1178,31,656146
9/30/1969,733,679,0,0,1704,54,1249032
9/22/1970,1472,1472,20,0,,,
9/28/1970,1296,1112,6,0,1452,184,1881792
9/29/1970,1049,797,4,0,2558,252,2683342
10/5/1970,720,465,0,0,3351,255,2412720
9/23/1975,214,214,0,0,,,
9/24/1975,220,195,0,0,214,25,47080
10/2/1975,88,70,0,0,409,18,35992
9/27/1971,213,213,0,0,,,
9/30/1971,143,136,0,0,213,7,30459
10/5/1971,185,164,0,0,349,21,64565
10/7/1976,383,383,0,0,,,
10/11/1976,172,144,1,0,383,28,65876
10/12/1976,232,178,0,0,526,54,122032
9/12/1972,153,149,0,0,,,
9/13/1972,182,168,3,0,149,14,27118
9/27/1972,119,95,0,0,314,24,37366
9/19/1977,810,810,15,0,,,
9/20/1977,1245,1197,30,0,795,48,989775
9/21/1977,993,870,1,0,1962,123,1948266
9/27/1977,780,655,3,0,2831,125,2208180
9/26/1973,811,811,0,0,,,
10/3/1973,724,707,0,0,811,17,587164
10/11/1973,652,608,0,0,1518,44,989736
10/24/1973,489,446,0,0,2126,43,1039614
10/4/1978,347,347,0,0,,,
10/5/1978,309,284,0,0,347,25,107223
10/18/1978,388,347,0,0,631,41,244828
10/7/1974,462,462,0,0,,,
10/8/1974,332,318,0,0,462,14,153384
10/14/1974,661,624,0,0,780,37,515580
10/17/1974,708,641,0,0,1404,67,994032
9/17/1979,219,219,0,0,,,
9/18/1979,236,229,0,0,219,7,51684
9/19/1979,347,325,0,0,448,22,155456
9/20/1979,227,201,0,0,773,26,175471
10/6/1980,69,69,0,0,,,
10/8/1980,78,75,0,0,69,3,5382
10/9/1980,28,24,0,0,144,4,4032
10/15/1980,55,44,0,0,168,11,9240
9/19/1985,309,309,0,0,,,
10/2/1985,404,399,0,0,309,5,124836
10/3/1985,187,180,0,0,708,7,132396
10/7/1985,151,143,0,0,888,8,134088
10/8/1985,201,180,0,0,1031,21,207231
9/21/1981,695,695,0,0,,,
9/22/1981,1558,1494,0,0,695,64,1082810
10/7/1981,776,670,0,0,2189,106,1698664
10/20/1981,302,249,0,0,2859,53,863418
9/23/1986,506,506,0,0,,,
9/24/1986,394,377,0,0,506,17,199364
9/25/1986,259,247,0,0,883,12,228697
9/29/1986,596,553,0,0,1130,43,673480
9/20/1982,278,278,0,0,,,
9/23/1982,198,191,0,0,278,7,55044
9/27/1982,526,482,0,0,469,44,246694
9/29/1982,381,324,0,0,951,57,362331
9/8/1987,872,872,0,0,,,
9/10/1987,621,579,27,1,872,42,541512
9/14/1987,654,590,6,0,1423,64,930642
9/20/1983,310,310,3,0,,,
9/21/1983,366,357,0,0,307,9,112362
9/27/1983,424,395,12,1,664,29,281536
9/27/1988,384,384,0,0,,,
9/29/1988,538,501,0,0,384,37,206592
10/6/1988,622,485,0,0,885,137,550470
9/17/1984,428,428,0,0,,,
9/19/1984,801,787,0,0,428,14,342828
9/27/1984,196,176,0,0,1215,20,238140
10/1/1984,1647,1510,0,0,1391,137,2290977
9/25/1989,624,594,0,0,,,
9/28/1989,531,457,1,0,594,74,315414
9/27/1990,2210,2144,66,0,,,
10/1/1990,1312,1231,2,0,2144,79,2812928
9/18/1995,154,154,0,0,,,
9/21/1995,144,138,1,0,154,6,22176
9/25/1995,223,210,0,0,291,13,64893
9/28/1995,206,179,4,0,501,27,103206
9/30/1991,545,533,0,0,,,
10/3/1991,558,496,1,2,533,61,297414
9/16/1996,81,81,0,0,,,
9/18/1996,82,76,0,0,81,6,6642
9/23/1996,59,53,0,0,157,6,9263
9/28/1992,1103,1086,17,0,,,
10/1/1992,1056,959,4,2,1086,93,1146816
9/10/1997,546,546,0,0,,,
9/17/1997,415,363,1,0,546,52,226590
9/23/1997,588,476,2,0,908,112,533904
9/13/1993,1253,1214,39,0,,,
9/17/1993,1038,964,10,0,1214,64,1260132
9/9/1998,646,646,10,0,,,
9/21/1998,504,440,0,0,636,64,320544
9/30/1998,412,323,0,0,1076,89,443312
9/20/1994,731,731,33,0,,,
9/26/1994,792,776,1,0,698,16,552816
9/28/1994,1020,968,1,0,1473,52,1502460
9/15/1999,1010,1010,8,0,,,
9/23/1999,1010,972,4,2,1002,38,1012020
9/27/1999,810,751,3,1,1968,59,1594080
9/12/2000,72,72,10,0,,,
9/18/2000,64,62,5,0,62,2,3968
9/20/2000,60,51,3,0,119,9,7140
10/4/2000,101,88,0,0,167,13,16867
9/15/2005,394,394,1,0,,,
9/19/2005,476,459,2,0,393,17,187068
9/27/2005,710,661,0,0,850,49,603500
9/11/2001,1677,1677,37,0,,,
9/18/2001,1543,1478,11,3,1640,65,2530520
9/25/2001,1465,1366,7,1,3104,99,4547360
9/11/2006,224,224,2,0,,,
9/13/2006,174,160,0,0,222,14,38628
9/19/2006,186,175,0,0,382,11,71052
9/16/2002,501,501,2,0,,,
6/18/2002,609,573,8,1,499,36,303891
9/24/2002,687,642,42,0,1063,45,730281
9/11/2007,54,54,0,0,,,
9/13/2007,153,152,0,0,54,1,8262
9/20/2007,158,154,0,0,206,4,32548
10/8/2007,140,136,3,0,360,4,50400
10/11/2007,294,276,1,0,493,18,144942
9/16/2003,184,184,1,0,,,
9/22/2003,157,150,0,0,183,7,28731
9/30/2003,56,48,0,0,333,8,18648
9/9/2008,451,451,10,0,,,
9/15/2008,598,585,5,0,441,13,263718
9/24/2008,707,667,7,2,1021,40,721847
9/8/2004,368,368,7,0,,,
9/24/2004,309,294,0,0,361,15,111549
9/23/2004,181,158,0,0,655,23,118555
9/2/2009,32,32,0,0,,,
9/9/2009,186,185,7,0,32,1,5952
9/21/2009,127,127,3,0,210,0,26670
10/13/2009,121,120,0,0,334,1,40414
9/7/2010,301,301,0,0,,,
9/9/2010,422,396,2,1,301,26,127022
9/13/2010,374,335,1,0,694,39,259556
9/9/2015,164,164,40,10,,,
9/15/2015,94,93,0,0,124,1,11656
9/22/2015,302,300,0,6,217,2,65534
9/30/2015,269,253,0,7,511,16,137459
10/6/2015,113,105,0,0,757,8,85541
10/13/2015,224,202,0,0,862,22,193088
9/13/2011,73,73,0,0,,,
9/15/2011,123,119,0,0,73,4,8979
9/18/2011,95,84,0,0,192,11,18240
10/6/2011,129,122,4,0,276,7,35604
9/8/2016,134,134,0,0,,,
9/12/2016,89,83,0,0,134,6,11926
9/28/2016,84,78,0,0,217,6,18228
10/4/2016,128,125,0,0,295,3,37760
10/10/2016,188,171,0,0,420,17,78960
9/25/2012,272,272,0,0,,,
10/2/2012,214,196,0,0,272,18,58208
10/4/2012,47,39,0,0,468,8,21996
10/9/2012,81,66,0,0,507,15,41067
10/11/2012,70,62,0,0,573,8,40110
9/14/2017,8,8,0,0,,,
9/21/2017,5,5,0,0,8,0,40
9/27/2017,51,50,0,0,13,1,663
10/5/2017,52,49,0,0,63,3,3276
10/9/2017,33,29,0,0,112,4,3696
9/25/2013,254,254,0,0,,,
9/30/2013,241,225,0,0,254,16,61214
10/2/2013,190,159,0,0,479,31,91010
10/10/2013,241,181,0,0,638,60,153758
9/13/2018,109,109,0,0,,,
9/18/2018,138,137,0,0,109,1,15042
9/26/2018,145,141,0,0,246,4,35670
10/4/2018,146,141,0,0,387,5,56502
9/8/2014,91,91,0,0,,,
9/11/2014,246,242,0,0,91,4,22386
9/15/2014,307,285,0,0,333,22,102231
9/22/2014,136,118,0,0,618,18,84048
9/29/2014,88,75,0,0,736,13,64768
9/10/2019,13,13,0,0,,,
9/17/2019,26,26,0,0,13,0,338
9/25/2019,40,39,0,0,39,1,1560
10/9/2019,50,48,0,0,78,2,3900
10/16/2019,15,14,0,0,126,1,1890
9/17/2020,44,44,0,0,,,
9/24/2020,32,31,0,0,44,1,1408
9/30/2020,46,45,0,0,75,1,3450
10/8/2020,117,110,0,0,120,7,14040
10/14/2020,24,21,0,0,230,3,5520
9/23/2021,25,25,0,0,,,
9/30/2021,132,130,0,0,25,2,3300
10/7/2021,67,59,0,0,155,8,10385
10/12/2021,64,59,0,0,214,5,13696
9/21/2022,126,128,2,0,,,
9/27/2022,179,170,0,0,126,9,22554
10/15/2022,208,194,0,0,296,14,61568
9/13/2023,76,76,0,0,,,
9/20/2023,50,47,0,0,76,3,3800
9/26/2023,21,19,0,0,123,2,2583
10/10/2023,11,10,0,0,142,1,1562
10/18/2023,25,25,0,0,152,0,3800
10/2/2024,41,41,0,0,,,
10/9/2024,78,77,0,0,41,1,3198
10/15/2024,88,84,0,0,118,4,10384
10/17/2024,55,53,17,0,202,2,11110
